vertex,is_boundary,flattened,candidate,K_orig,K_final,K_rounded
0,0,1,0,-0.086637957415867994,0.009823809461818378,
1,0,1,0,0.026542234537751952,0.022876184812580469,
2,0,0,1,-0.48710277130660806,-1.6696816045659997,-1.5707963267948966
3,0,1,0,-0.70933771045946692,-0.055894327822112899,
4,0,1,0,0.04426964149318291,0.016253489307950453,
5,0,1,0,0.057948149252985637,-0.011797911716131537,
6,0,1,0,-0.77415199729340145,-0.036871228953473612,
7,0,1,0,-0.51921900713207148,0.0030814898967364002,
8,0,1,0,0.0687572069474367,0.042846115623187409,
9,0,1,0,-0.054331798128846032,0.010995682502313642,
10,0,1,0,0.30161310132488417,0.031011515294090408,
11,0,1,0,0.17800455215572608,0.019614597843549575,
12,0,0,1,0.66699138667493152,1.522754223821063,1.5707963267948966
13,0,1,0,0.56010726863634197,-0.031098375611865237,
14,0,1,0,-0.37027155141781876,0.013272644427896552,
15,0,1,0,0.16048858491587303,0.021377281623844446,
16,0,0,1,1.2180103157336584,1.6160837536455661,1.5707963267948966
17,0,1,0,0.067645329995689174,0.0025586268547836966,
18,0,1,0,0.30789945914195371,-0.01059207623917402,
19,0,1,0,0.29985248598597636,-0.019715375717883177,
20,0,1,0,0.24707313454896784,-0.012919037024571978,
21,0,1,0,-0.29475855351937952,0.0021774225351673948,
22,0,1,0,-0.29180622240126475,0.0084430371616290856,
23,0,1,0,0.18508384502337005,0.00073284428744990748,
24,0,1,0,-0.6145227120692347,-0.01998679239992196,
25,0,1,0,0.29472270421797742,0.041975555810132903,
26,0,1,0,0.0045202159332076164,-0.0020112025613858719,
27,0,1,0,0.077557089742869678,0.00099406174591010199,
28,0,1,0,0.08118840172709163,-0.00017983327580584074,
29,0,1,0,0.27583977553743821,-0.015504859731052534,
30,0,1,0,-0.0061176806190212929,0.0146714298975823,
31,0,1,0,0.16328842095797302,0.029398615642030279,
32,0,1,0,-0.048735308488661921,0.0079995392436593704,
33,0,1,0,0.18961594054436315,-0.0056675797094181135,
34,0,1,0,-0.00010978596250854622,0.011118586725214819,
35,0,1,0,0.095069302461038951,0.006220371535671454,
36,0,1,0,0.28214294622391467,-0.0027435140743685693,
37,0,1,0,0.15015686623095093,0.090857590442472436,
38,0,1,0,0.048889532306229277,0.0028826298823725338,
39,0,1,0,-0.4429456133662022,-0.010980612576079629,
40,0,1,0,0.26425320263749263,-0.0060824028712849199,
41,0,1,0,0.20842789145129892,0.016271407908320157,
42,0,0,1,0.38161468183909975,1.4303719272807127,1.5707963267948966
43,0,0,1,1.5309004066021972,1.6604259043026799,1.5707963267948966
44,0,1,0,0.64134656277111635,-0.071048771808861488,
45,0,1,0,0.063188856112375014,-0.00058698240566990023,
46,0,1,0,-0.0085550419993172255,-0.00052697884359709235,
47,0,1,0,0.16298113668877878,0.0030157269633388495,
48,0,1,0,0.18201545205841718,0.002230086817723631,
49,0,1,0,-0.26841855268690562,-0.0025684750579291205,
50,0,1,0,0.20727127101318032,0.027489076242576793,
51,0,1,0,-0.0010787646263965556,0.0082120845755317973,
52,0,1,0,0.098755360479018783,0.0032761756420658372,
53,0,1,0,-0.10000171983822526,0.0016861690935412454,
54,0,1,0,-0.060639357550931194,0.0033641954948633312,
55,0,1,0,-0.051367224616909901,0.0093576701248920813,
56,0,1,0,-0.13285758697614103,0.0022325769307265375,
57,0,1,0,-0.17575089241248953,-0.0044864531028201426,
58,0,1,0,-0.037373578296206134,0.0084294260390302966,
59,0,1,0,-0.047931249516267371,0.0040091443939616056,
60,0,1,0,0.020089222632128312,0.0011220331416863516,
61,0,1,0,0.0076811514446397666,0.002370222168606162,
62,0,1,0,0.18481804174382344,0.0011330084499805437,
63,0,1,0,0.063870404401921377,0.00027904956557822658,
64,0,1,0,0.35048749289455383,-0.014748760873624533,
65,0,1,0,-0.14991771893619266,0.0035670116052939349,
66,0,1,0,-0.11870904627471202,-0.0068659405771303028,
67,0,1,0,-0.094434758782394823,-0.00036424187885941706,
68,0,1,0,-0.10862911896311811,-0.0019135924947217831,
69,0,1,0,0.12731974922311284,0.003586932007787702,
70,0,1,0,0.020713168027559625,0.0028285531798424302,
71,0,1,0,0.41924316589414445,-0.022998181596269873,
72,0,1,0,0.1775910640269549,0.016102279694066191,
73,0,1,0,-0.19046121774161495,0.0034620721795128873,
74,0,1,0,-0.081525637651218119,0.0178092213496992,
75,0,1,0,0.040899766168493557,0.014618924088151353,
76,0,1,0,0.50839370579604726,-0.024048379829893385,
77,0,1,0,0.030989144090955989,0.0028792275866820205,
78,0,1,0,-0.014395012817589148,0.069145843214187153,
79,0,1,0,0.11174050830711924,-0.0019616338923071908,
80,0,1,0,-0.092847498530190364,0.009047888781545943,
81,0,0,1,0.42585304404148605,1.474250716770813,1.5707963267948966
82,0,1,0,0.2391740071222701,0.010692207221828731,
83,0,1,0,0.12193523198588263,0.0061462743695006594,
84,0,1,0,-0.013596872654144221,0.0019640359942849628,
85,1,1,0,-0.63599994851894071,-0.88495214478098649,
86,0,1,0,-0.34935404351414689,-0.0093947221484631527,
87,0,1,0,-0.036188597190282223,0.010625089253794684,
88,1,1,0,-0.3623459694575808,-0.60247113297753341,
89,1,1,0,-0.012753240556092837,-0.27766917210665198,
90,0,1,0,0.077412629948145906,0.032412353404056127,
91,0,1,0,0.023620454506249722,0.0020118182829103048,
92,0,1,0,0.37518560414512514,0.054524224732787729,
93,0,0,1,0.2879966499146267,1.3873927840970461,1.5707963267948966
94,0,1,0,0.27364114160415554,0.057341733196651923,
95,0,1,0,-0.049244820084686225,0.0047963420837024984,
96,0,1,0,0.016994417263299866,0.0067687235010351898,
97,1,1,0,-0.86681312088176643,-0.81600291580177409,
98,1,1,0,-0.063112137232339105,-0.074707925973154232,
99,0,1,0,-0.12987928545394034,-0.0009929128340351312,
100,0,1,0,0.090690250684763107,0.00075728786129936054,
101,0,1,0,0.17194879012774322,-0.0010077033425357484,
102,0,1,0,0.12498933495032016,-0.0020212866608675384,
103,0,1,0,0.0023631841372040441,0.010029565837393228,
104,0,1,0,0.12499868151807636,-0.0011013511714130786,
105,0,1,0,0.17672638891170589,-0.0044116756993224371,
106,0,1,0,0.040407345360817359,0.0021374434506915563,
107,0,1,0,-0.10164538183542327,0.0010456895405432931,
108,0,1,0,-0.0026368439930539722,-0.0011511647580286777,
109,0,1,0,-0.27299502325927971,-0.0039677780952267483,
110,0,1,0,-0.11061296748492477,-0.0030734548833235564,
111,0,1,0,-0.12479617331008708,-0.0024122475649921427,
112,0,1,0,-0.051751908589555029,0.0021643371415596135,
113,1,1,0,0.043338286738641596,-0.021534775993410804,
114,0,1,0,-0.14883288386829108,-0.0016324383263190967,
115,0,1,0,-0.049803084013383625,1.9890004899991709e-05,
116,0,1,0,-0.021033183161212499,0.00024972365716102729,
117,0,1,0,0.0048170934195574944,0.00087060866884236532,
118,1,1,0,0.040288239285751093,0.087245270035213096,
119,1,1,0,0.66983138839968781,0.46690170823504618,
120,1,1,0,-0.15872256116573347,-0.29263850069088404,
121,0,1,0,0.11817704076997071,-0.00257927507546718,
122,0,1,0,-0.0094136660070027744,0.0023018181623717382,
123,0,1,0,-0.025674067745763196,0.001129322362526608,
124,0,1,0,0.016612346828838831,0.0007734147972975336,
125,1,1,0,0.79247136736964086,0.80435647778451536,
126,0,1,0,0.085459690899015506,0.001308655412385562,
127,1,1,0,-0.1806586729833235,-0.17112507839995894,
128,0,1,0,0.11048833995556695,-0.0016043626393305033,
129,1,1,0,0.11825079786966608,0.21198315642717525,
130,0,1,0,0.064451361623254932,0.0029368431808673989,
